,5.000,2.500
0,5.02,0.0
1,5.04,6.667
2,5.06,0.833
3,5.08,10.0
4,5.1,3.333
5,5.12,3.333
6,5.14,2.5
7,5.16,4.167
8,5.18,3.333
9,5.2,5.0
10,5.22,4.167
11,5.24,3.333
12,5.26,3.333
13,5.28,2.5
14,5.3,4.167
15,5.32,6.667
16,5.34,1.667
17,5.36,2.5
18,5.38,2.5
19,5.4,4.167
20,5.42,6.667
21,5.44,6.667
22,5.46,4.167
23,5.48,5.833
24,5.5,8.333
25,5.52,4.167
26,5.54,1.667
27,5.56,4.167
28,5.58,4.167
29,5.6,0.833
30,5.62,4.167
31,5.64,5.833
32,5.66,5.0
33,5.68,4.167
34,5.7,3.333
35,5.72,5.833
36,5.74,4.167
37,5.76,8.333
38,5.78,3.333
39,5.8,3.333
40,5.82,4.167
41,5.84,3.333
42,5.86,4.167
43,5.88,5.833
44,5.9,3.333
45,5.92,3.333
46,5.94,3.333
47,5.96,4.167
48,5.98,1.667
49,6.0,1.667
50,6.02,1.667
51,6.04,2.5
52,6.06,2.5
53,6.08,0.833
54,6.1,5.0
55,6.12,3.333
56,6.14,4.167
57,6.16,5.833
58,6.18,3.333
59,6.2,2.5
60,6.22,3.333
61,6.24,5.0
62,6.26,2.5
63,6.28,1.667
64,6.3,1.667
65,6.32,3.333
66,6.34,2.5
67,6.36,3.333
68,6.38,2.5
69,6.4,10.0
70,6.42,5.833
71,6.44,5.0
72,6.46,2.5
73,6.48,1.667
74,6.5,7.5
75,6.52,10.0
76,6.54,4.167
77,6.56,1.667
78,6.58,5.0
79,6.6,3.333
80,6.62,5.0
81,6.64,3.333
82,6.66,3.333
83,6.68,1.667
84,6.7,5.833
85,6.72,5.0
86,6.74,5.833
87,6.76,10.0
88,6.78,2.5
89,6.8,2.5
90,6.82,1.667
91,6.84,5.833
92,6.86,4.167
93,6.88,0.0
94,6.9,1.667
95,6.92,4.167
96,6.94,6.667
97,6.96,4.167
98,6.98,3.333
99,7.0,5.833
100,7.02,4.167
101,7.04,3.333
102,7.06,3.333
103,7.08,5.833
104,7.1,5.0
105,7.12,4.167
106,7.14,6.667
107,7.16,3.333
108,7.18,4.167
109,7.2,2.5
110,7.22,6.667
111,7.24,4.167
112,7.26,5.0
113,7.28,6.667
114,7.3,5.0
115,7.32,9.167
116,7.34,1.667
117,7.36,3.333
118,7.38,6.667
119,7.4,3.333
120,7.42,4.167
121,7.44,4.167
122,7.46,0.833
123,7.48,0.833
124,7.5,5.833
125,7.52,2.5
126,7.54,11.667
127,7.56,4.167
128,7.58,7.5
129,7.6,1.667
130,7.62,1.667
131,7.64,2.5
132,7.66,1.667
133,7.68,4.167
134,7.7,2.5
135,7.72,5.0
136,7.74,4.167
137,7.76,5.0
138,7.78,6.667
139,7.8,4.167
140,7.82,5.0
141,7.84,5.833
142,7.86,3.333
143,7.88,5.833
144,7.9,2.5
145,7.92,3.333
146,7.94,5.0
147,7.96,3.333
148,7.98,6.667
149,8.0,1.667
150,8.02,2.5
151,8.04,2.5
152,8.06,4.167
153,8.08,1.667
154,8.1,4.167
155,8.12,1.667
156,8.14,3.333
157,8.16,3.333
158,8.18,2.5
159,8.2,2.5
160,8.22,4.167
161,8.24,5.0
162,8.26,5.0
163,8.28,4.167
164,8.3,5.0
165,8.32,3.333
166,8.34,3.333
167,8.36,4.167
168,8.38,4.167
169,8.4,3.333
170,8.42,5.833
171,8.44,8.333
172,8.46,3.333
173,8.48,3.333
174,8.5,5.833
175,8.52,3.333
176,8.54,3.333
177,8.56,7.5
178,8.58,8.333
179,8.6,6.667
180,8.62,3.333
181,8.64,11.667
182,8.66,0.833
183,8.68,7.5
184,8.7,4.167
185,8.72,5.833
186,8.74,5.0
187,8.76,1.667
188,8.78,10.0
189,8.8,3.333
190,8.82,8.333
191,8.84,6.667
192,8.86,4.167
193,8.88,5.0
194,8.9,5.833
195,8.92,2.5
196,8.94,2.5
197,8.96,8.333
198,8.98,8.333
199,9.0,5.833
200,9.02,3.333
201,9.04,3.333
202,9.06,3.333
203,9.08,3.333
204,9.1,2.5
205,9.12,5.833
206,9.14,3.333
207,9.16,0.833
208,9.18,2.5
209,9.2,4.167
210,9.22,8.333
211,9.24,4.167
212,9.26,6.667
213,9.28,2.5
214,9.3,6.667
215,9.32,1.667
216,9.34,4.167
217,9.36,4.167
218,9.38,7.5
219,9.4,5.833
220,9.42,9.167
221,9.44,8.333
222,9.46,5.833
223,9.48,4.167
224,9.5,4.167
225,9.52,7.5
226,9.54,5.0
227,9.56,5.833
228,9.58,10.0
229,9.6,4.167
230,9.62,2.5
231,9.64,5.833
232,9.66,4.167
233,9.68,4.167
234,9.7,5.0
235,9.72,5.0
236,9.74,5.833
237,9.76,5.0
238,9.78,3.333
239,9.8,3.333
240,9.82,2.5
241,9.84,6.667
242,9.86,4.167
243,9.88,5.833
244,9.9,2.5
245,9.92,4.167
246,9.94,7.5
247,9.96,0.833
248,9.98,3.333
249,10.0,6.667
250,10.02,5.833
251,10.04,5.0
252,10.06,3.333
253,10.08,5.0
254,10.1,8.333
255,10.12,5.0
256,10.14,7.5
257,10.16,4.167
258,10.18,5.833
259,10.2,4.167
260,10.22,5.0
261,10.24,4.167
262,10.26,5.0
263,10.28,9.167
264,10.3,9.167
265,10.32,5.0
266,10.34,2.5
267,10.36,5.833
268,10.38,7.5
269,10.4,8.333
270,10.42,5.0
271,10.44,7.5
272,10.46,10.0
273,10.48,5.833
274,10.5,9.167
275,10.52,5.833
276,10.54,5.833
277,10.56,5.0
278,10.58,5.0
279,10.6,7.5
280,10.62,4.167
281,10.64,8.333
282,10.66,10.0
283,10.68,5.833
284,10.7,10.83
285,10.72,3.333
286,10.74,7.5
287,10.76,5.833
288,10.78,7.5
289,10.8,3.333
290,10.82,5.833
291,10.84,3.333
292,10.86,2.5
293,10.88,3.333
294,10.9,2.5
295,10.92,4.167
296,10.94,3.333
297,10.96,5.833
298,10.98,8.333
299,11.0,5.833
300,11.02,4.167
301,11.04,4.167
302,11.06,3.333
303,11.08,5.833
304,11.1,5.833
305,11.12,7.5
306,11.14,1.667
307,11.16,10.83
308,11.18,5.0
309,11.2,5.833
310,11.22,10.0
311,11.24,8.333
312,11.26,4.167
313,11.28,5.0
314,11.3,4.167
315,11.32,5.0
316,11.34,8.333
317,11.36,0.833
318,11.38,10.83
319,11.4,5.833
320,11.42,6.667
321,11.44,7.5
322,11.46,11.66
323,11.48,9.167
324,11.5,5.0
325,11.52,4.167
326,11.54,5.833
327,11.56,3.333
328,11.58,5.0
329,11.6,5.833
330,11.62,5.833
331,11.64,5.0
332,11.66,5.0
333,11.68,6.667
334,11.7,7.5
335,11.72,8.333
336,11.74,4.167
337,11.76,5.0
338,11.78,5.0
339,11.8,4.167
340,11.82,5.0
341,11.84,5.0
342,11.86,5.0
343,11.88,3.333
344,11.9,4.167
345,11.92,3.333
346,11.94,7.5
347,11.96,7.5
348,11.98,9.167
349,12.0,6.667
350,12.02,9.167
351,12.04,5.833
352,12.06,5.0
353,12.08,3.333
354,12.1,7.5
355,12.12,5.833
356,12.14,5.833
357,12.16,9.167
358,12.18,5.833
359,12.2,4.167
360,12.22,8.333
361,12.24,10.0
362,12.26,8.333
363,12.28,9.167
364,12.3,8.333
365,12.32,0.833
366,12.34,3.333
367,12.36,2.5
368,12.38,7.5
369,12.4,4.167
370,12.42,5.0
371,12.44,9.167
372,12.46,6.667
373,12.48,10.0
374,12.5,10.0
375,12.52,3.333
376,12.54,8.333
377,12.56,6.667
378,12.58,6.667
379,12.6,10.0
380,12.62,5.833
381,12.64,6.667
382,12.66,5.0
383,12.68,5.833
384,12.7,6.667
385,12.72,5.0
386,12.74,4.167
387,12.76,9.167
388,12.78,3.333
389,12.8,5.833
390,12.82,2.5
391,12.84,5.833
392,12.86,3.333
393,12.88,9.167
394,12.9,5.0
395,12.92,7.5
396,12.94,9.167
397,12.96,9.167
398,12.98,4.167
399,13.0,3.333
400,13.02,5.833
401,13.04,6.667
402,13.06,5.0
403,13.08,8.333
404,13.1,4.167
405,13.12,6.667
406,13.14,5.833
407,13.16,9.167
408,13.18,6.667
409,13.2,5.833
410,13.22,5.833
411,13.24,6.667
412,13.26,9.167
413,13.28,2.5
414,13.3,3.333
415,13.32,2.5
416,13.34,1.667
417,13.36,3.333
418,13.38,8.333
419,13.4,9.167
420,13.42,4.167
421,13.44,8.333
422,13.46,6.667
423,13.48,5.0
424,13.5,4.167
425,13.52,4.167
426,13.54,4.167
427,13.56,3.333
428,13.58,8.333
429,13.6,5.0
430,13.62,3.333
431,13.64,8.333
432,13.66,4.167
433,13.68,7.5
434,13.7,4.167
435,13.72,5.833
436,13.74,4.167
437,13.76,5.0
438,13.78,4.167
439,13.8,5.833
440,13.82,6.667
441,13.84,5.0
442,13.86,7.5
443,13.88,4.167
444,13.9,3.333
445,13.92,5.833
446,13.94,9.167
447,13.96,8.333
448,13.98,7.5
449,14.0,5.0
450,14.02,4.167
451,14.04,9.167
452,14.06,10.0
453,14.08,8.333
454,14.1,10.83
455,14.12,9.167
456,14.14,5.833
457,14.16,3.333
458,14.18,5.0
459,14.2,6.667
460,14.22,6.667
461,14.24,5.833
462,14.26,4.167
463,14.28,11.66
464,14.3,3.333
465,14.32,5.0
466,14.34,8.333
467,14.36,5.833
468,14.38,2.5
469,14.4,3.333
470,14.42,6.667
471,14.44,4.167
472,14.46,10.0
473,14.48,5.0
474,14.5,8.333
475,14.52,6.667
476,14.54,8.333
477,14.56,3.333
478,14.58,7.5
479,14.6,6.667
480,14.62,6.667
481,14.64,4.167
482,14.66,6.667
483,14.68,5.0
484,14.7,5.0
485,14.72,5.833
486,14.74,6.667
487,14.76,8.333
488,14.78,9.167
489,14.8,6.667
490,14.82,4.167
491,14.84,4.167
492,14.86,7.5
493,14.88,7.5
494,14.9,6.667
495,14.92,4.167
496,14.94,8.333
497,14.96,5.0
498,14.98,5.833
499,15.0,8.333
500,15.02,6.667
501,15.04,6.667
502,15.06,13.33
503,15.08,4.167
504,15.1,5.0
505,15.12,3.333
506,15.14,8.333
507,15.16,8.333
508,15.18,8.333
509,15.2,6.667
510,15.22,5.0
511,15.24,7.5
512,15.26,5.833
513,15.28,2.5
514,15.3,6.667
515,15.32,8.333
516,15.34,9.167
517,15.36,3.333
518,15.38,5.833
519,15.4,1.667
520,15.42,6.667
521,15.44,5.833
522,15.46,7.5
523,15.48,7.5
524,15.5,7.5
525,15.52,6.667
526,15.54,9.167
527,15.56,8.333
528,15.58,6.667
529,15.6,7.5
530,15.62,9.167
531,15.64,5.0
532,15.66,10.0
533,15.68,5.833
534,15.7,4.167
535,15.72,7.5
536,15.74,6.667
537,15.76,7.5
538,15.78,5.833
539,15.8,7.5
540,15.82,11.66
541,15.84,9.167
542,15.86,5.0
543,15.88,7.5
544,15.9,7.5
545,15.92,5.833
546,15.94,8.333
547,15.96,10.83
548,15.98,4.167
549,16.0,5.833
550,16.02,7.5
551,16.04,8.333
552,16.06,6.667
553,16.08,5.0
554,16.1,10.0
555,16.12,9.167
556,16.14,13.33
557,16.16,10.0
558,16.18,6.667
559,16.2,8.333
560,16.22,8.333
561,16.24,5.0
562,16.26,3.333
563,16.28,10.0
564,16.3,6.667
565,16.32,7.5
566,16.34,8.333
567,16.36,6.667
568,16.38,9.167
569,16.4,7.5
570,16.42,6.667
571,16.44,6.667
572,16.46,12.5
573,16.48,7.5
574,16.5,6.667
575,16.52,10.0
576,16.54,9.167
577,16.56,3.333
578,16.58,5.833
579,16.6,9.167
580,16.62,6.667
581,16.64,13.33
582,16.66,4.167
583,16.68,9.167
584,16.7,7.5
585,16.72,8.333
586,16.74,4.167
587,16.76,15.83
588,16.78,5.0
589,16.8,10.83
590,16.82,11.66
591,16.84,10.83
592,16.86,10.83
593,16.88,6.667
594,16.9,5.833
595,16.92,5.833
596,16.94,5.833
597,16.96,5.833
598,16.98,15.83
599,17.0,10.83
600,17.02,6.667
601,17.04,10.0
602,17.06,5.833
603,17.08,10.83
604,17.1,7.5
605,17.12,9.167
606,17.14,9.167
607,17.16,8.333
608,17.18,6.667
609,17.2,6.667
610,17.22,8.333
611,17.24,11.66
612,17.26,5.833
613,17.28,8.333
614,17.3,12.5
615,17.32,5.0
616,17.34,7.5
617,17.36,13.33
618,17.38,12.5
619,17.4,7.5
620,17.42,10.83
621,17.44,9.167
622,17.46,7.5
623,17.48,10.0
624,17.5,5.0
625,17.52,14.16
626,17.54,9.167
627,17.56,10.0
628,17.58,7.5
629,17.6,14.16
630,17.62,10.0
631,17.64,10.83
632,17.66,10.0
633,17.68,6.667
634,17.7,9.167
635,17.72,6.667
636,17.74,5.0
637,17.76,13.33
638,17.78,8.333
639,17.8,5.833
640,17.82,11.66
641,17.84,11.66
642,17.86,10.0
643,17.88,14.16
644,17.9,6.667
645,17.92,5.833
646,17.94,7.5
647,17.96,10.83
648,17.98,6.667
649,18.0,8.333
650,18.02,5.833
651,18.04,15.83
652,18.06,7.5
653,18.08,9.167
654,18.1,9.167
655,18.12,4.167
656,18.14,12.5
657,18.16,10.83
658,18.18,7.5
659,18.2,11.66
660,18.22,10.0
661,18.24,8.333
662,18.26,10.83
663,18.28,5.833
664,18.3,13.33
665,18.32,7.5
666,18.34,10.0
667,18.36,13.33
668,18.38,10.0
669,18.4,9.167
670,18.42,5.833
671,18.44,14.16
672,18.46,7.5
673,18.48,10.0
674,18.5,5.833
675,18.52,7.5
676,18.54,9.167
677,18.56,9.167
678,18.58,9.167
679,18.6,12.5
680,18.62,10.0
681,18.64,9.167
682,18.66,8.333
683,18.68,9.167
684,18.7,5.833
685,18.72,8.333
686,18.74,13.33
687,18.76,13.33
688,18.78,8.333
689,18.8,8.333
690,18.82,7.5
691,18.84,13.33
692,18.86,7.5
693,18.88,10.0
694,18.9,8.333
695,18.92,6.667
696,18.94,10.83
697,18.96,7.5
698,18.98,4.167
699,19.0,12.5
700,19.02,13.33
701,19.04,13.33
702,19.06,10.0
703,19.08,7.5
704,19.1,6.667
705,19.12,13.33
706,19.14,6.667
707,19.16,13.33
708,19.18,7.5
709,19.2,13.33
710,19.22,13.33
711,19.24,8.333
712,19.26,12.5
713,19.28,12.5
714,19.3,11.66
715,19.32,7.5
716,19.34,9.167
717,19.36,14.16
718,19.38,11.66
719,19.4,9.167
720,19.42,6.667
721,19.44,8.333
722,19.46,6.667
723,19.48,6.667
724,19.5,8.333
725,19.52,12.5
726,19.54,9.167
727,19.56,8.333
728,19.58,10.0
729,19.6,13.33
730,19.62,12.5
731,19.64,11.66
732,19.66,12.5
733,19.68,8.333
734,19.7,14.16
735,19.72,10.83
736,19.74,8.333
737,19.76,10.83
738,19.78,14.16
739,19.8,14.16
740,19.82,15.0
741,19.84,13.33
742,19.86,10.83
743,19.88,14.16
744,19.9,5.833
745,19.92,17.5
746,19.94,10.0
747,19.96,7.5
748,19.98,6.667
749,20.0,12.5
750,20.02,9.167
751,20.04,12.5
752,20.06,11.66
753,20.08,14.16
754,20.1,9.167
755,20.12,16.66
756,20.14,11.66
757,20.16,12.5
758,20.18,19.16
759,20.2,5.0
760,20.22,10.83
761,20.24,9.167
762,20.26,12.5
763,20.28,8.333
764,20.3,12.5
765,20.32,17.5
766,20.34,9.167
767,20.36,14.16
768,20.38,12.5
769,20.4,17.5
770,20.42,11.66
771,20.44,12.5
772,20.46,13.33
773,20.48,10.0
774,20.5,10.83
775,20.52,5.833
776,20.54,10.83
777,20.56,13.33
778,20.58,15.0
779,20.6,10.83
780,20.62,9.167
781,20.64,9.167
782,20.66,15.83
783,20.68,12.5
784,20.7,13.33
785,20.72,20.0
786,20.74,10.0
787,20.76,13.33
788,20.78,12.5
789,20.8,17.5
790,20.82,11.66
791,20.84,16.66
792,20.86,12.5
793,20.88,9.167
794,20.9,11.66
795,20.92,15.83
796,20.94,14.16
797,20.96,14.16
798,20.98,8.333
799,21.0,10.83
800,21.02,13.33
801,21.04,10.83
802,21.06,10.83
803,21.08,11.66
804,21.1,14.16
805,21.12,17.5
806,21.14,12.5
807,21.16,16.66
808,21.18,14.16
809,21.2,9.167
810,21.22,18.33
811,21.24,15.0
812,21.26,14.16
813,21.28,15.0
814,21.3,9.167
815,21.32,15.0
816,21.34,13.33
817,21.36,7.5
818,21.38,15.0
819,21.4,12.5
820,21.42,16.66
821,21.44,16.66
822,21.46,10.0
823,21.48,15.0
824,21.5,15.83
825,21.52,13.33
826,21.54,10.0
827,21.56,12.5
828,21.58,11.66
829,21.6,20.0
830,21.62,14.16
831,21.64,17.5
832,21.66,11.66
833,21.68,16.66
834,21.7,15.83
835,21.72,14.16
836,21.74,13.33
837,21.76,7.5
838,21.78,6.667
839,21.8,18.33
840,21.82,9.167
841,21.84,13.33
842,21.86,19.16
843,21.88,16.66
844,21.9,13.33
845,21.92,14.16
846,21.94,13.33
847,21.96,15.0
848,21.98,21.66
849,22.0,21.66
850,22.02,12.5
851,22.04,16.66
852,22.06,14.16
853,22.08,20.0
854,22.1,13.33
855,22.12,19.16
856,22.14,12.5
857,22.16,11.66
858,22.18,11.66
859,22.2,10.83
860,22.22,11.66
861,22.24,18.33
862,22.26,18.33
863,22.28,19.16
864,22.3,14.16
865,22.32,12.5
866,22.34,14.16
867,22.36,11.66
868,22.38,15.83
869,22.4,14.16
870,22.42,5.833
871,22.44,5.833
872,22.46,11.66
873,22.48,14.16
874,22.5,14.16
875,22.52,10.0
876,22.54,15.0
877,22.56,11.66
878,22.58,7.5
879,22.6,11.66
880,22.62,15.0
881,22.64,16.66
882,22.66,18.33
883,22.68,12.5
884,22.7,13.33
885,22.72,15.0
886,22.74,15.83
887,22.76,17.5
888,22.78,11.66
889,22.8,17.5
890,22.82,12.5
891,22.84,10.83
892,22.86,17.5
893,22.88,10.83
894,22.9,13.33
895,22.92,14.16
896,22.94,14.16
897,22.96,10.83
898,22.98,13.33
899,23.0,15.83
900,23.02,20.0
901,23.04,12.5
902,23.06,14.16
903,23.08,16.66
904,23.1,14.16
905,23.12,15.83
906,23.14,15.83
907,23.16,10.0
908,23.18,18.33
909,23.2,9.167
910,23.22,19.16
911,23.24,11.66
912,23.26,16.66
913,23.28,15.0
914,23.3,13.33
915,23.32,10.83
916,23.34,15.0
917,23.36,19.16
918,23.38,11.66
919,23.4,13.33
920,23.42,9.167
921,23.44,15.0
922,23.46,10.0
923,23.48,14.16
924,23.5,18.33
925,23.52,5.0
926,23.54,10.0
927,23.56,14.16
928,23.58,11.66
929,23.6,14.16
930,23.62,10.0
931,23.64,13.33
932,23.66,10.0
933,23.68,13.33
934,23.7,17.5
935,23.72,11.66
936,23.74,13.33
937,23.76,19.16
938,23.78,15.0
939,23.8,16.66
940,23.82,12.5
941,23.84,11.66
942,23.86,11.66
943,23.88,10.0
944,23.9,20.0
945,23.92,10.83
946,23.94,19.16
947,23.96,14.16
948,23.98,16.66
949,24.0,18.33
950,24.02,11.66
951,24.04,13.33
952,24.06,15.0
953,24.08,7.5
954,24.1,9.167
955,24.12,16.66
956,24.14,16.66
957,24.16,15.83
958,24.18,14.16
959,24.2,11.66
960,24.22,9.167
961,24.24,8.333
962,24.26,11.66
963,24.28,16.66
964,24.3,7.5
965,24.32,11.66
966,24.34,10.0
967,24.36,20.0
968,24.38,10.83
969,24.4,11.66
970,24.42,20.0
971,24.44,15.83
972,24.46,15.83
973,24.48,13.33
974,24.5,18.33
975,24.52,10.0
976,24.54,13.33
977,24.56,14.16
978,24.58,9.167
979,24.6,10.83
980,24.62,14.16
981,24.64,12.5
982,24.66,10.0
983,24.68,11.66
984,24.7,13.33
985,24.72,11.66
986,24.74,13.33
987,24.76,16.66
988,24.78,11.66
989,24.8,9.167
990,24.82,10.0
991,24.84,13.33
992,24.86,13.33
993,24.88,10.0
994,24.9,13.33
995,24.92,12.5
996,24.94,9.167
997,24.96,10.83
998,24.98,17.5
999,25.0,9.167
1000,25.02,10.83
1001,25.04,15.83
1002,25.06,19.16
1003,25.08,12.5
1004,25.1,10.83
1005,25.12,15.83
1006,25.14,14.16
1007,25.16,13.33
1008,25.18,15.83
1009,25.2,5.0
1010,25.22,13.33
1011,25.24,14.16
1012,25.26,10.83
1013,25.28,11.66
1014,25.3,19.16
1015,25.32,9.167
1016,25.34,13.33
1017,25.36,14.16
1018,25.38,12.5
1019,25.4,16.66
1020,25.42,8.333
1021,25.44,12.5
1022,25.46,18.33
1023,25.48,10.0
1024,25.5,10.0
1025,25.52,17.5
1026,25.54,12.5
1027,25.56,12.5
1028,25.58,14.16
1029,25.6,11.66
1030,25.62,10.83
1031,25.64,12.5
1032,25.66,10.0
1033,25.68,15.83
1034,25.7,8.333
1035,25.72,13.33
1036,25.74,10.83
1037,25.76,15.83
1038,25.78,14.16
1039,25.8,20.83
1040,25.82,14.16
1041,25.84,10.83
1042,25.86,11.66
1043,25.88,9.167
1044,25.9,10.83
1045,25.92,6.667
1046,25.94,7.5
1047,25.96,10.0
1048,25.98,16.66
1049,26.0,10.83
1050,26.02,12.5
1051,26.04,10.0
1052,26.06,10.83
1053,26.08,16.66
1054,26.1,8.333
1055,26.12,14.16
1056,26.14,9.167
1057,26.16,12.5
1058,26.18,14.16
1059,26.2,12.5
1060,26.22,8.333
1061,26.24,15.0
1062,26.26,10.0
1063,26.28,11.66
1064,26.3,5.0
1065,26.32,6.667
1066,26.34,9.167
1067,26.36,6.667
1068,26.38,6.667
1069,26.4,9.167
1070,26.42,10.0
1071,26.44,10.0
1072,26.46,10.83
1073,26.48,5.0
1074,26.5,11.66
1075,26.52,13.33
1076,26.54,12.5
1077,26.56,8.333
1078,26.58,12.5
1079,26.6,14.16
1080,26.62,9.167
1081,26.64,9.167
1082,26.66,4.167
1083,26.68,14.16
1084,26.7,10.83
1085,26.72,12.5
1086,26.74,15.0
1087,26.76,13.33
1088,26.78,17.5
1089,26.8,11.66
1090,26.82,13.33
1091,26.84,10.83
1092,26.86,11.66
1093,26.88,10.83
1094,26.9,10.83
1095,26.92,6.667
1096,26.94,13.33
1097,26.96,13.33
1098,26.98,11.66
1099,27.0,14.16
1100,27.02,19.16
1101,27.04,15.0
1102,27.06,10.83
1103,27.08,5.0
1104,27.1,11.66
1105,27.12,10.83
1106,27.14,12.5
1107,27.16,11.66
1108,27.18,6.667
1109,27.2,11.66
1110,27.22,10.0
1111,27.24,8.333
1112,27.26,15.83
1113,27.28,6.667
1114,27.3,10.0
1115,27.32,10.0
1116,27.34,7.5
1117,27.36,10.0
1118,27.38,14.16
1119,27.4,7.5
1120,27.42,5.833
1121,27.44,13.33
1122,27.46,12.5
1123,27.48,9.167
1124,27.5,11.66
1125,27.52,9.167
1126,27.54,13.33
1127,27.56,10.83
1128,27.58,11.66
1129,27.6,10.0
1130,27.62,12.5
1131,27.64,11.66
1132,27.66,8.333
1133,27.68,12.5
1134,27.7,10.0
1135,27.72,9.167
1136,27.74,6.667
1137,27.76,5.833
1138,27.78,9.167
1139,27.8,11.66
1140,27.82,9.167
1141,27.84,7.5
1142,27.86,9.167
1143,27.88,15.0
1144,27.9,13.33
1145,27.92,6.667
1146,27.94,12.5
1147,27.96,15.0
1148,27.98,7.5
1149,28.0,14.16
1150,28.02,10.83
1151,28.04,5.833
1152,28.06,9.167
1153,28.08,14.16
1154,28.1,8.333
1155,28.12,13.33
1156,28.14,8.333
1157,28.16,11.66
1158,28.18,14.16
1159,28.2,10.0
1160,28.22,10.83
1161,28.24,8.333
1162,28.26,5.833
1163,28.28,8.333
1164,28.3,11.66
1165,28.32,10.0
1166,28.34,9.167
1167,28.36,14.16
1168,28.38,12.5
1169,28.4,5.0
1170,28.42,6.667
1171,28.44,12.5
1172,28.46,11.66
1173,28.48,13.33
1174,28.5,12.5
1175,28.52,10.0
1176,28.54,10.83
1177,28.56,12.5
1178,28.58,9.167
1179,28.6,9.167
1180,28.62,21.66
1181,28.64,10.0
1182,28.66,14.16
1183,28.68,12.5
1184,28.7,11.66
1185,28.72,10.0
1186,28.74,7.5
1187,28.76,14.16
1188,28.78,9.167
1189,28.8,17.5
1190,28.82,10.0
1191,28.84,5.833
1192,28.86,9.167
1193,28.88,6.667
1194,28.9,7.5
1195,28.92,10.0
1196,28.94,10.83
1197,28.96,8.333
1198,28.98,11.66
1199,29.0,11.66
1200,29.02,12.5
1201,29.04,10.83
1202,29.06,15.0
1203,29.08,15.0
1204,29.1,10.0
1205,29.12,7.5
1206,29.14,12.5
1207,29.16,8.333
1208,29.18,13.33
1209,29.2,9.167
1210,29.22,11.66
1211,29.24,14.16
1212,29.26,8.333
1213,29.28,10.0
1214,29.3,10.83
1215,29.32,7.5
1216,29.34,8.333
1217,29.36,7.5
1218,29.38,9.167
1219,29.4,11.66
1220,29.42,10.83
1221,29.44,14.16
1222,29.46,8.333
1223,29.48,10.83
1224,29.5,9.167
1225,29.52,6.667
1226,29.54,6.667
1227,29.56,8.333
1228,29.58,9.167
1229,29.6,7.5
1230,29.62,8.333
1231,29.64,18.33
1232,29.66,9.167
1233,29.68,8.333
1234,29.7,9.167
1235,29.72,6.667
1236,29.74,11.66
1237,29.76,9.167
1238,29.78,10.0
1239,29.8,4.167
1240,29.82,5.833
1241,29.84,8.333
1242,29.86,11.66
1243,29.88,12.5
1244,29.9,10.0
1245,29.92,7.5
1246,29.94,8.333
1247,29.96,7.5
1248,29.98,7.5
1249,30.0,8.333
1250,30.02,10.0
1251,30.04,7.5
1252,30.06,5.833
1253,30.08,7.5
1254,30.1,13.33
1255,30.12,5.0
1256,30.14,5.833
1257,30.16,12.5
1258,30.18,15.83
1259,30.2,9.167
1260,30.22,13.33
1261,30.24,9.167
1262,30.26,11.66
1263,30.28,9.167
1264,30.3,7.5
1265,30.32,4.167
1266,30.34,10.0
1267,30.36,9.167
1268,30.38,10.0
1269,30.4,8.333
1270,30.42,9.167
1271,30.44,10.83
1272,30.46,17.5
1273,30.48,10.0
1274,30.5,6.667
1275,30.52,16.66
1276,30.54,15.0
1277,30.56,5.833
1278,30.58,6.667
1279,30.6,8.333
1280,30.62,6.667
1281,30.64,7.5
1282,30.66,10.83
1283,30.68,3.333
1284,30.7,5.833
1285,30.72,13.33
1286,30.74,3.333
1287,30.76,9.167
1288,30.78,7.5
1289,30.8,5.833
1290,30.82,9.167
1291,30.84,7.5
1292,30.86,7.5
1293,30.88,6.667
1294,30.9,12.5
1295,30.92,8.333
1296,30.94,5.833
1297,30.96,11.66
1298,30.98,8.333
1299,31.0,15.0
1300,31.02,8.333
1301,31.04,9.167
1302,31.06,6.667
1303,31.08,10.0
1304,31.1,15.83
1305,31.12,5.833
1306,31.14,9.167
1307,31.16,9.167
1308,31.18,8.333
1309,31.2,9.167
1310,31.22,8.333
1311,31.24,9.167
1312,31.26,9.167
1313,31.28,6.667
1314,31.3,9.167
1315,31.32,5.833
1316,31.34,4.167
1317,31.36,10.83
1318,31.38,13.33
1319,31.4,10.83
1320,31.42,18.33
1321,31.44,9.167
1322,31.46,1.667
1323,31.48,9.167
1324,31.5,11.66
1325,31.52,10.83
1326,31.54,12.5
1327,31.56,10.83
1328,31.58,8.333
1329,31.6,12.5
1330,31.62,10.0
1331,31.64,9.167
1332,31.66,6.667
1333,31.68,10.83
1334,31.7,7.5
1335,31.72,6.667
1336,31.74,10.83
1337,31.76,8.333
1338,31.78,10.83
1339,31.8,10.83
1340,31.82,6.667
1341,31.84,9.167
1342,31.86,9.167
1343,31.88,9.167
1344,31.9,13.33
1345,31.92,7.5
1346,31.94,8.333
1347,31.96,8.333
1348,31.98,11.66
1349,32.0,7.5
1350,32.02,9.167
1351,32.04,10.0
1352,32.06,4.167
1353,32.08,10.0
1354,32.1,12.5
1355,32.12,8.333
1356,32.14,10.83
1357,32.16,7.5
1358,32.18,13.33
1359,32.2,6.667
1360,32.22,10.83
1361,32.24,11.66
1362,32.26,8.333
1363,32.28,8.333
1364,32.3,5.833
1365,32.32,9.167
1366,32.34,10.83
1367,32.36,8.333
1368,32.38,9.167
1369,32.4,16.66
1370,32.42,8.333
1371,32.44,10.0
1372,32.46,4.167
1373,32.48,12.5
1374,32.5,9.167
1375,32.52,13.33
1376,32.54,13.33
1377,32.56,10.83
1378,32.58,10.0
1379,32.6,3.333
1380,32.62,9.167
1381,32.64,10.83
1382,32.66,5.0
1383,32.68,10.0
1384,32.7,7.5
1385,32.72,5.0
1386,32.74,7.5
1387,32.76,7.5
1388,32.78,5.0
1389,32.8,10.0
1390,32.82,10.83
1391,32.84,12.5
1392,32.86,8.333
1393,32.88,10.83
1394,32.9,6.667
1395,32.92,5.0
1396,32.94,12.5
1397,32.96,5.0
1398,32.98,13.33
1399,33.0,3.333
1400,33.02,4.167
1401,33.04,7.5
1402,33.06,7.5
1403,33.08,5.0
1404,33.1,10.0
1405,33.12,10.83
1406,33.14,10.83
1407,33.16,12.5
1408,33.18,7.5
1409,33.2,10.0
1410,33.22,10.0
1411,33.24,9.167
1412,33.26,7.5
1413,33.28,9.167
1414,33.3,8.333
1415,33.32,10.83
1416,33.34,10.83
1417,33.36,11.66
1418,33.38,6.667
1419,33.4,5.833
1420,33.42,5.833
1421,33.44,10.83
1422,33.46,6.667
1423,33.48,5.0
1424,33.5,6.667
1425,33.52,10.0
1426,33.54,7.5
1427,33.56,8.333
1428,33.58,12.5
1429,33.6,14.16
1430,33.62,4.167
1431,33.64,11.66
1432,33.66,9.167
1433,33.68,10.83
1434,33.7,3.333
1435,33.72,5.0
1436,33.74,8.333
1437,33.76,8.333
1438,33.78,5.0
1439,33.8,3.333
1440,33.82,6.667
1441,33.84,9.167
1442,33.86,12.5
1443,33.88,7.5
1444,33.9,4.167
1445,33.92,10.0
1446,33.94,5.0
1447,33.96,10.83
1448,33.98,7.5
1449,34.0,6.667
1450,34.02,4.167
1451,34.04,6.667
1452,34.06,6.667
1453,34.08,9.167
1454,34.1,10.83
1455,34.12,9.167
1456,34.14,10.0
1457,34.16,5.0
1458,34.18,13.33
1459,34.2,5.833
1460,34.22,5.0
1461,34.24,7.5
1462,34.26,7.5
1463,34.28,9.167
1464,34.3,5.0
1465,34.32,5.833
1466,34.34,10.0
1467,34.36,10.83
1468,34.38,6.667
1469,34.4,9.167
1470,34.42,5.833
1471,34.44,10.0
1472,34.46,5.833
1473,34.48,5.833
1474,34.5,10.83
1475,34.52,10.0
1476,34.54,9.167
1477,34.56,3.333
1478,34.58,6.667
1479,34.6,10.0
1480,34.62,9.167
1481,34.64,6.667
1482,34.66,6.667
1483,34.68,5.833
1484,34.7,4.167
1485,34.72,8.333
1486,34.74,7.5
1487,34.76,5.0
1488,34.78,8.333
1489,34.8,5.0
1490,34.82,7.5
1491,34.84,7.5
1492,34.86,5.833
1493,34.88,5.0
1494,34.9,10.0
1495,34.92,8.333
1496,34.94,9.167
1497,34.96,4.167
1498,34.98,8.333
1499,35.0,5.0
1500,35.02,7.5
1501,35.04,10.0
1502,35.06,3.333
1503,35.08,5.833
1504,35.1,15.0
1505,35.12,9.167
1506,35.14,7.5
1507,35.16,10.0
1508,35.18,5.0
1509,35.2,10.83
1510,35.22,5.833
1511,35.24,8.333
1512,35.26,13.33
1513,35.28,6.667
1514,35.3,10.83
1515,35.32,9.167
1516,35.34,9.167
1517,35.36,8.333
1518,35.38,8.333
1519,35.4,6.667
1520,35.42,7.5
1521,35.44,8.333
1522,35.46,8.333
1523,35.48,6.667
1524,35.5,10.0
1525,35.52,7.5
1526,35.54,5.833
1527,35.56,5.0
1528,35.58,10.0
1529,35.6,8.333
1530,35.62,5.0
1531,35.64,7.5
1532,35.66,10.83
1533,35.68,4.167
1534,35.7,9.167
1535,35.72,5.833
1536,35.74,3.333
1537,35.76,8.333
1538,35.78,8.333
1539,35.8,6.667
1540,35.82,7.5
1541,35.84,5.0
1542,35.86,8.333
1543,35.88,6.667
1544,35.9,5.0
1545,35.92,11.66
1546,35.94,9.167
1547,35.96,11.66
1548,35.98,7.5
1549,36.0,5.833
1550,36.02,9.167
1551,36.04,8.333
1552,36.06,10.83
1553,36.08,9.167
1554,36.1,9.167
1555,36.12,8.333
1556,36.14,7.5
1557,36.16,7.5
1558,36.18,10.83
1559,36.2,5.0
1560,36.22,8.333
1561,36.24,7.5
1562,36.26,5.0
1563,36.28,6.667
1564,36.3,5.0
1565,36.32,3.333
1566,36.34,9.167
1567,36.36,4.167
1568,36.38,5.833
1569,36.4,9.167
1570,36.42,5.833
1571,36.44,9.167
1572,36.46,9.167
1573,36.48,7.5
1574,36.5,6.667
1575,36.52,12.5
1576,36.54,6.667
1577,36.56,11.66
1578,36.58,9.167
1579,36.6,7.5
1580,36.62,9.167
1581,36.64,10.0
1582,36.66,8.333
1583,36.68,4.167
1584,36.7,15.0
1585,36.72,5.833
1586,36.74,5.833
1587,36.76,11.66
1588,36.78,10.0
1589,36.8,9.167
1590,36.82,15.0
1591,36.84,10.83
1592,36.86,9.167
1593,36.88,10.0
1594,36.9,5.0
1595,36.92,9.167
1596,36.94,11.66
1597,36.96,3.333
1598,36.98,11.66
1599,37.0,13.33
1600,37.02,7.5
1601,37.04,10.0
1602,37.06,8.333
1603,37.08,11.66
1604,37.1,5.833
1605,37.12,8.333
1606,37.14,6.667
1607,37.16,5.0
1608,37.18,2.5
1609,37.2,5.0
1610,37.22,9.167
1611,37.24,7.5
1612,37.26,10.83
1613,37.28,7.5
1614,37.3,6.667
1615,37.32,6.667
1616,37.34,9.167
1617,37.36,12.5
1618,37.38,7.5
1619,37.4,4.167
1620,37.42,8.333
1621,37.44,11.66
1622,37.46,8.333
1623,37.48,11.66
1624,37.5,8.333
1625,37.52,11.66
1626,37.54,4.167
1627,37.56,5.833
1628,37.58,6.667
1629,37.6,10.0
1630,37.62,9.167
1631,37.64,7.5
1632,37.66,5.0
1633,37.68,6.667
1634,37.7,10.0
1635,37.72,18.33
1636,37.74,5.833
1637,37.76,10.0
1638,37.78,7.5
1639,37.8,7.5
1640,37.82,3.333
1641,37.84,6.667
1642,37.86,10.83
1643,37.88,7.5
1644,37.9,10.83
1645,37.92,4.167
1646,37.94,4.167
1647,37.96,9.167
1648,37.98,5.0
1649,38.0,5.0
1650,38.02,7.5
1651,38.04,8.333
1652,38.06,5.0
1653,38.08,5.833
1654,38.1,10.83
1655,38.12,7.5
1656,38.14,3.333
1657,38.16,7.5
1658,38.18,9.167
1659,38.2,5.833
1660,38.22,3.333
1661,38.24,4.167
1662,38.26,5.0
1663,38.28,10.0
1664,38.3,6.667
1665,38.32,10.0
1666,38.34,5.833
1667,38.36,11.66
1668,38.38,5.833
1669,38.4,9.167
1670,38.42,5.833
1671,38.44,7.5
1672,38.46,10.0
1673,38.48,6.667
1674,38.5,8.333
1675,38.52,9.167
1676,38.54,5.0
1677,38.56,10.83
1678,38.58,5.833
1679,38.6,9.167
1680,38.62,7.5
1681,38.64,8.333
1682,38.66,9.167
1683,38.68,7.5
1684,38.7,10.0
1685,38.72,2.5
1686,38.74,5.833
1687,38.76,6.667
1688,38.78,7.5
1689,38.8,8.333
1690,38.82,6.667
1691,38.84,8.333
1692,38.86,9.167
1693,38.88,5.0
1694,38.9,9.167
1695,38.92,1.667
1696,38.94,8.333
1697,38.96,5.833
1698,38.98,6.667
1699,39.0,10.0
1700,39.02,10.0
1701,39.04,8.333
1702,39.06,6.667
1703,39.08,7.5
1704,39.1,6.667
1705,39.12,10.0
1706,39.14,4.167
1707,39.16,11.66
1708,39.18,10.0
1709,39.2,11.66
1710,39.22,13.33
1711,39.24,8.333
1712,39.26,8.333
1713,39.28,7.5
1714,39.3,7.5
1715,39.32,10.0
1716,39.34,2.5
1717,39.36,8.333
1718,39.38,7.5
1719,39.4,3.333
1720,39.42,4.167
1721,39.44,4.167
1722,39.46,6.667
1723,39.48,8.333
1724,39.5,8.333
1725,39.52,10.0
1726,39.54,10.0
1727,39.56,10.0
1728,39.58,3.333
1729,39.6,7.5
1730,39.62,6.667
1731,39.64,5.833
1732,39.66,9.167
1733,39.68,7.5
1734,39.7,12.5
1735,39.72,10.83
1736,39.74,5.833
1737,39.76,8.333
1738,39.78,2.5
1739,39.8,7.5
1740,39.82,9.167
1741,39.84,7.5
1742,39.86,6.667
1743,39.88,5.833
1744,39.9,7.5
1745,39.92,5.833
1746,39.94,3.333
1747,39.96,5.0
1748,39.98,5.0
1749,40.0,7.5
1750,40.02,3.333
1751,40.04,9.167
1752,40.06,8.333
1753,40.08,6.667
1754,40.1,4.167
1755,40.12,10.0
1756,40.14,7.5
1757,40.16,4.167
1758,40.18,5.0
1759,40.2,5.833
1760,40.22,6.667
1761,40.24,9.167
1762,40.26,10.83
1763,40.28,5.833
1764,40.3,7.5
1765,40.32,8.333
1766,40.34,5.833
1767,40.36,10.0
1768,40.38,7.5
1769,40.4,9.167
1770,40.42,7.5
1771,40.44,4.167
1772,40.46,7.5
1773,40.48,6.667
1774,40.5,9.167
1775,40.52,10.83
1776,40.54,5.833
1777,40.56,8.333
1778,40.58,7.5
1779,40.6,10.0
1780,40.62,3.333
1781,40.64,8.333
1782,40.66,7.5
1783,40.68,8.333
1784,40.7,7.5
1785,40.72,4.167
1786,40.74,2.5
1787,40.76,7.5
1788,40.78,10.83
1789,40.8,7.5
1790,40.82,5.833
1791,40.84,4.167
1792,40.86,8.333
1793,40.88,10.83
1794,40.9,7.5
1795,40.92,6.667
1796,40.94,5.833
1797,40.96,6.667
1798,40.98,8.333
1799,41.0,6.667
1800,41.02,10.0
1801,41.04,8.333
1802,41.06,5.0
1803,41.08,1.667
1804,41.1,5.833
1805,41.12,2.5
1806,41.14,12.5
1807,41.16,9.167
1808,41.18,7.5
1809,41.2,4.167
1810,41.22,8.333
1811,41.24,8.333
1812,41.26,8.333
1813,41.28,3.333
1814,41.3,6.667
1815,41.32,7.5
1816,41.34,4.167
1817,41.36,9.167
1818,41.38,9.167
1819,41.4,5.833
1820,41.42,8.333
1821,41.44,5.833
1822,41.46,7.5
1823,41.48,7.5
1824,41.5,5.0
1825,41.52,5.833
1826,41.54,6.667
1827,41.56,6.667
1828,41.58,10.0
1829,41.6,5.833
1830,41.62,3.333
1831,41.64,5.0
1832,41.66,4.167
1833,41.68,7.5
1834,41.7,5.0
1835,41.72,5.833
1836,41.74,9.167
1837,41.76,6.667
1838,41.78,6.667
1839,41.8,5.0
1840,41.82,6.667
1841,41.84,3.333
1842,41.86,5.0
1843,41.88,7.5
1844,41.9,7.5
1845,41.92,5.833
1846,41.94,5.833
1847,41.96,7.5
1848,41.98,8.333
1849,42.0,7.5
1850,42.02,5.833
1851,42.04,5.833
1852,42.06,4.167
1853,42.08,7.5
1854,42.1,10.0
1855,42.12,3.333
1856,42.14,6.667
1857,42.16,10.0
1858,42.18,5.833
1859,42.2,8.333
1860,42.22,10.83
1861,42.24,5.0
1862,42.26,6.667
1863,42.28,6.667
1864,42.3,6.667
1865,42.32,5.0
1866,42.34,3.333
1867,42.36,3.333
1868,42.38,6.667
1869,42.4,4.167
1870,42.42,5.0
1871,42.44,9.167
1872,42.46,7.5
1873,42.48,5.0
1874,42.5,13.33
1875,42.52,2.5
1876,42.54,13.33
1877,42.56,4.167
1878,42.58,10.83
1879,42.6,1.667
1880,42.62,2.5
1881,42.64,6.667
1882,42.66,8.333
1883,42.68,7.5
1884,42.7,6.667
1885,42.72,2.5
1886,42.74,4.167
1887,42.76,3.333
1888,42.78,8.333
1889,42.8,5.833
1890,42.82,8.333
1891,42.84,7.5
1892,42.86,6.667
1893,42.88,7.5
1894,42.9,7.5
1895,42.92,7.5
1896,42.94,10.0
1897,42.96,5.833
1898,42.98,9.167
1899,43.0,6.667
1900,43.02,10.83
1901,43.04,4.167
1902,43.06,7.5
1903,43.08,10.0
1904,43.1,4.167
1905,43.12,10.83
1906,43.14,2.5
1907,43.16,2.5
1908,43.18,9.167
1909,43.2,6.667
1910,43.22,5.833
1911,43.24,4.167
1912,43.26,10.0
1913,43.28,5.833
1914,43.3,10.83
1915,43.32,4.167
1916,43.34,7.5
1917,43.36,7.5
1918,43.38,7.5
1919,43.4,9.167
1920,43.42,8.333
1921,43.44,3.333
1922,43.46,5.0
1923,43.48,6.667
1924,43.5,5.0
1925,43.52,10.83
1926,43.54,8.333
1927,43.56,9.167
1928,43.58,5.833
1929,43.6,7.5
1930,43.62,6.667
1931,43.64,10.0
1932,43.66,5.833
1933,43.68,9.167
1934,43.7,5.0
1935,43.72,3.333
1936,43.74,5.833
1937,43.76,14.16
1938,43.78,7.5
1939,43.8,4.167
1940,43.82,7.5
1941,43.84,5.0
1942,43.86,3.333
1943,43.88,6.667
1944,43.9,8.333
1945,43.92,2.5
1946,43.94,7.5
1947,43.96,10.0
1948,43.98,5.833
1949,44.0,3.333
1950,44.02,5.833
1951,44.04,7.5
1952,44.06,2.5
1953,44.08,9.167
1954,44.1,6.667
1955,44.12,6.667
1956,44.14,2.5
1957,44.16,10.0
1958,44.18,8.333
1959,44.2,10.0
1960,44.22,8.333
1961,44.24,5.0
1962,44.26,7.5
1963,44.28,3.333
1964,44.3,8.333
1965,44.32,9.167
1966,44.34,1.667
1967,44.36,5.0
1968,44.38,5.833
1969,44.4,6.667
1970,44.42,8.333
1971,44.44,7.5
1972,44.46,10.0
1973,44.48,6.667
1974,44.5,9.167
1975,44.52,5.833
1976,44.54,7.5
1977,44.56,1.667
1978,44.58,6.667
1979,44.6,6.667
1980,44.62,5.833
1981,44.64,1.667
1982,44.66,8.333
1983,44.68,5.833
1984,44.7,5.833
1985,44.72,7.5
1986,44.74,4.167
1987,44.76,5.833
1988,44.78,9.167
1989,44.8,5.0
1990,44.82,5.0
1991,44.84,7.5
1992,44.86,4.167
1993,44.88,6.667
1994,44.9,1.667
1995,44.92,7.5
1996,44.94,6.667
1997,44.96,7.5
1998,44.98,8.333
1999,45.0,6.667
2000,45.02,5.0
2001,45.04,5.833
2002,45.06,6.667
2003,45.08,5.833
2004,45.1,10.0
2005,45.12,0.833
2006,45.14,5.0
2007,45.16,5.833
2008,45.18,9.167
2009,45.2,9.167
2010,45.22,3.333
2011,45.24,5.833
2012,45.26,6.667
2013,45.28,6.667
2014,45.3,5.0
2015,45.32,5.833
2016,45.34,7.5
2017,45.36,2.5
2018,45.38,7.5
2019,45.4,8.333
2020,45.42,7.5
2021,45.44,4.167
2022,45.46,7.5
2023,45.48,6.667
2024,45.5,10.0
2025,45.52,7.5
2026,45.54,5.833
2027,45.56,6.667
2028,45.58,1.667
2029,45.6,8.333
2030,45.62,5.0
2031,45.64,10.0
2032,45.66,10.83
2033,45.68,8.333
2034,45.7,5.0
2035,45.72,9.167
2036,45.74,4.167
2037,45.76,4.167
2038,45.78,2.5
2039,45.8,3.333
2040,45.82,5.0
2041,45.84,4.167
2042,45.86,3.333
2043,45.88,4.167
2044,45.9,9.167
2045,45.92,5.833
2046,45.94,7.5
2047,45.96,9.167
2048,45.98,6.667
2049,46.0,8.333
2050,46.02,1.667
2051,46.04,6.667
2052,46.06,3.333
2053,46.08,4.167
2054,46.1,7.5
2055,46.12,5.833
2056,46.14,10.0
2057,46.16,3.333
2058,46.18,5.0
2059,46.2,3.333
2060,46.22,5.0
2061,46.24,5.833
2062,46.26,8.333
2063,46.28,4.167
2064,46.3,4.167
2065,46.32,5.0
2066,46.34,5.0
2067,46.36,6.667
2068,46.38,5.0
2069,46.4,8.333
2070,46.42,8.333
2071,46.44,8.333
2072,46.46,5.0
2073,46.48,2.5
2074,46.5,7.5
2075,46.52,7.5
2076,46.54,8.333
2077,46.56,6.667
2078,46.58,5.833
2079,46.6,8.333
2080,46.62,6.667
2081,46.64,10.0
2082,46.66,5.833
2083,46.68,4.167
2084,46.7,8.333
2085,46.72,3.333
2086,46.74,4.167
2087,46.76,8.333
2088,46.78,3.333
2089,46.8,5.0
2090,46.82,6.667
2091,46.84,7.5
2092,46.86,6.667
2093,46.88,7.5
2094,46.9,9.167
2095,46.92,6.667
2096,46.94,5.0
2097,46.96,4.167
2098,46.98,4.167
2099,47.0,2.5
2100,47.02,7.5
2101,47.04,5.0
2102,47.06,3.333
2103,47.08,10.0
2104,47.1,5.0
2105,47.12,10.0
2106,47.14,12.5
2107,47.16,3.333
2108,47.18,4.167
2109,47.2,7.5
2110,47.22,11.66
2111,47.24,4.167
2112,47.26,5.0
2113,47.28,4.167
2114,47.3,7.5
2115,47.32,3.333
2116,47.34,8.333
2117,47.36,5.833
2118,47.38,3.333
2119,47.4,7.5
2120,47.42,3.333
2121,47.44,1.667
2122,47.46,5.833
2123,47.48,9.167
2124,47.5,7.5
2125,47.52,6.667
2126,47.54,7.5
2127,47.56,2.5
2128,47.58,4.167
2129,47.6,6.667
2130,47.62,5.833
2131,47.64,5.0
2132,47.66,9.167
2133,47.68,5.833
2134,47.7,5.0
2135,47.72,7.5
2136,47.74,4.167
2137,47.76,4.167
2138,47.78,4.167
2139,47.8,4.167
2140,47.82,6.667
2141,47.84,4.167
2142,47.86,7.5
2143,47.88,9.167
2144,47.9,5.0
2145,47.92,4.167
2146,47.94,3.333
2147,47.96,9.167
2148,47.98,6.667
2149,48.0,4.167
2150,48.02,8.333
2151,48.04,5.0
2152,48.06,8.333
2153,48.08,6.667
2154,48.1,5.0
2155,48.12,9.167
2156,48.14,1.667
2157,48.16,5.833
2158,48.18,5.0
2159,48.2,3.333
2160,48.22,4.167
2161,48.24,7.5
2162,48.26,7.5
2163,48.28,6.667
2164,48.3,5.0
2165,48.32,3.333
2166,48.34,7.5
2167,48.36,6.667
2168,48.38,9.167
2169,48.4,7.5
2170,48.42,8.333
2171,48.44,6.667
2172,48.46,2.5
2173,48.48,4.167
2174,48.5,11.66
2175,48.52,3.333
2176,48.54,5.833
2177,48.56,5.0
2178,48.58,7.5
2179,48.6,4.167
2180,48.62,6.667
2181,48.64,5.833
2182,48.66,8.333
2183,48.68,3.333
2184,48.7,2.5
2185,48.72,7.5
2186,48.74,5.833
2187,48.76,9.167
2188,48.78,6.667
2189,48.8,5.0
2190,48.82,5.0
2191,48.84,6.667
2192,48.86,3.333
2193,48.88,7.5
2194,48.9,7.5
2195,48.92,3.333
2196,48.94,6.667
2197,48.96,3.333
2198,48.98,10.0
2199,49.0,5.0
2200,49.02,10.0
2201,49.04,6.667
2202,49.06,5.0
2203,49.08,1.667
2204,49.1,7.5
2205,49.12,5.0
2206,49.14,10.83
2207,49.16,3.333
2208,49.18,6.667
2209,49.2,4.167
2210,49.22,5.0
2211,49.24,7.5
2212,49.26,3.333
2213,49.28,10.0
2214,49.3,0.833
2215,49.32,4.167
2216,49.34,5.833
2217,49.36,5.833
2218,49.38,3.333
2219,49.4,1.667
2220,49.42,5.0
2221,49.44,7.5
2222,49.46,5.833
2223,49.48,5.833
2224,49.5,4.167
2225,49.52,6.667
2226,49.54,6.667
2227,49.56,8.333
2228,49.58,4.167
2229,49.6,3.333
2230,49.62,1.667
2231,49.64,5.833
2232,49.66,6.667
2233,49.68,3.333
2234,49.7,13.33
2235,49.72,5.833
2236,49.74,2.5
2237,49.76,7.5
2238,49.78,5.0
2239,49.8,1.667
2240,49.82,7.5
2241,49.84,5.0
2242,49.86,6.667
2243,49.88,4.167
2244,49.9,2.5
2245,49.92,6.667
2246,49.94,5.833
2247,49.96,3.333
2248,49.98,9.167
2249,50.0,5.0
2250,50.02,3.333
2251,50.04,2.5
2252,50.06,3.333
2253,50.08,8.333
2254,50.1,5.0
2255,50.12,8.333
2256,50.14,6.667
2257,50.16,4.167
2258,50.18,10.83
2259,50.2,5.0
2260,50.22,5.0
2261,50.24,5.0
2262,50.26,5.833
2263,50.28,5.0
2264,50.3,6.667
2265,50.32,5.0
2266,50.34,5.833
2267,50.36,5.833
2268,50.38,7.5
2269,50.4,4.167
2270,50.42,5.0
2271,50.44,5.0
2272,50.46,3.333
2273,50.48,5.833
2274,50.5,3.333
2275,50.52,5.0
2276,50.54,4.167
2277,50.56,0.833
2278,50.58,9.167
2279,50.6,10.83
2280,50.62,1.667
2281,50.64,5.833
2282,50.66,4.167
2283,50.68,5.833
2284,50.7,5.833
2285,50.72,4.167
2286,50.74,7.5
2287,50.76,5.0
2288,50.78,3.333
2289,50.8,5.0
2290,50.82,5.0
2291,50.84,4.167
2292,50.86,3.333
2293,50.88,8.333
2294,50.9,5.0
2295,50.92,4.167
2296,50.94,5.0
2297,50.96,3.333
2298,50.98,8.333
2299,51.0,3.333
2300,51.02,4.167
2301,51.04,1.667
2302,51.06,6.667
2303,51.08,5.833
2304,51.1,4.167
2305,51.12,5.0
2306,51.14,8.333
2307,51.16,4.167
2308,51.18,5.833
2309,51.2,3.333
2310,51.22,2.5
2311,51.24,10.83
2312,51.26,6.667
2313,51.28,5.0
2314,51.3,7.5
2315,51.32,7.5
2316,51.34,2.5
2317,51.36,2.5
2318,51.38,4.167
2319,51.4,4.167
2320,51.42,5.0
2321,51.44,9.167
2322,51.46,8.333
2323,51.48,5.833
2324,51.5,6.667
2325,51.52,2.5
2326,51.54,5.0
2327,51.56,3.333
2328,51.58,3.333
2329,51.6,4.167
2330,51.62,6.667
2331,51.64,4.167
2332,51.66,9.167
2333,51.68,5.833
2334,51.7,2.5
2335,51.72,1.667
2336,51.74,1.667
2337,51.76,3.333
2338,51.78,3.333
2339,51.8,5.0
2340,51.82,5.0
2341,51.84,1.667
2342,51.86,4.167
2343,51.88,4.167
2344,51.9,5.0
2345,51.92,2.5
2346,51.94,4.167
2347,51.96,3.333
2348,51.98,5.0
2349,52.0,5.833
2350,52.02,3.333
2351,52.04,5.0
2352,52.06,1.667
2353,52.08,1.667
2354,52.1,2.5
2355,52.12,5.0
2356,52.14,4.167
2357,52.16,4.167
2358,52.18,4.167
2359,52.2,6.667
2360,52.22,4.167
2361,52.24,6.667
2362,52.26,3.333
2363,52.28,4.167
2364,52.3,4.167
2365,52.32,6.667
2366,52.34,1.667
2367,52.36,4.167
2368,52.38,5.833
2369,52.4,9.167
2370,52.42,2.5
2371,52.44,3.333
2372,52.46,4.167
2373,52.48,9.167
2374,52.5,10.83
2375,52.52,5.0
2376,52.54,3.333
2377,52.56,2.5
2378,52.58,5.833
2379,52.6,3.333
2380,52.62,4.167
2381,52.64,5.0
2382,52.66,4.167
2383,52.68,2.5
2384,52.7,5.833
2385,52.72,1.667
2386,52.74,3.333
2387,52.76,3.333
2388,52.78,5.833
2389,52.8,3.333
2390,52.82,8.333
2391,52.84,5.833
2392,52.86,7.5
2393,52.88,5.0
2394,52.9,5.833
2395,52.92,5.833
2396,52.94,2.5
2397,52.96,0.833
2398,52.98,3.333
2399,53.0,3.333
2400,53.02,4.167
2401,53.04,5.0
2402,53.06,2.5
2403,53.08,1.667
2404,53.1,3.333
2405,53.12,3.333
2406,53.14,5.0
2407,53.16,3.333
2408,53.18,10.0
2409,53.2,7.5
2410,53.22,1.667
2411,53.24,7.5
2412,53.26,3.333
2413,53.28,3.333
2414,53.3,5.0
2415,53.32,5.833
2416,53.34,3.333
2417,53.36,5.833
2418,53.38,3.333
2419,53.4,4.167
2420,53.42,6.667
2421,53.44,2.5
2422,53.46,5.833
2423,53.48,4.167
2424,53.5,2.5
2425,53.52,3.333
2426,53.54,5.833
2427,53.56,10.83
2428,53.58,3.333
2429,53.6,7.5
2430,53.62,5.833
2431,53.64,2.5
2432,53.66,5.0
2433,53.68,10.83
2434,53.7,5.0
2435,53.72,2.5
2436,53.74,0.833
2437,53.76,7.5
2438,53.78,5.0
2439,53.8,5.833
2440,53.82,9.167
2441,53.84,6.667
2442,53.86,4.167
2443,53.88,5.0
2444,53.9,3.333
2445,53.92,2.5
2446,53.94,1.667
2447,53.96,5.0
2448,53.98,4.167
2449,54.0,4.167
2450,54.02,6.667
2451,54.04,4.167
2452,54.06,7.5
2453,54.08,5.833
2454,54.1,3.333
2455,54.12,5.0
2456,54.14,3.333
2457,54.16,4.167
2458,54.18,1.667
2459,54.2,1.667
2460,54.22,6.667
2461,54.24,1.667
2462,54.26,1.667
2463,54.28,5.0
2464,54.3,3.333
2465,54.32,4.167
2466,54.34,3.333
2467,54.36,7.5
2468,54.38,10.83
2469,54.4,5.833
2470,54.42,2.5
2471,54.44,6.667
2472,54.46,5.833
2473,54.48,3.333
2474,54.5,4.167
2475,54.52,0.0
2476,54.54,4.167
2477,54.56,5.0
2478,54.58,5.0
2479,54.6,0.833
2480,54.62,6.667
2481,54.64,5.833
2482,54.66,7.5
2483,54.68,4.167
2484,54.7,5.833
2485,54.72,5.833
2486,54.74,5.833
2487,54.76,7.5
2488,54.78,3.333
2489,54.8,6.667
2490,54.82,5.833
2491,54.84,7.5
2492,54.86,3.333
2493,54.88,3.333
2494,54.9,5.0
2495,54.92,5.833
2496,54.94,5.833
2497,54.96,3.333
2498,54.98,1.667
2499,55.0,3.333
2500,55.02,3.333
2501,55.04,5.0
2502,55.06,5.0
2503,55.08,5.833
2504,55.1,1.667
2505,55.12,6.667
2506,55.14,3.333
2507,55.16,3.333
2508,55.18,5.0
2509,55.2,7.5
2510,55.22,2.5
2511,55.24,5.833
2512,55.26,4.167
2513,55.28,3.333
2514,55.3,4.167
2515,55.32,0.0
2516,55.34,5.0
2517,55.36,4.167
2518,55.38,4.167
2519,55.4,11.66
2520,55.42,5.833
2521,55.44,5.833
2522,55.46,2.5
2523,55.48,4.167
2524,55.5,7.5
2525,55.52,5.0
2526,55.54,5.0
2527,55.56,4.167
2528,55.58,5.0
2529,55.6,4.167
2530,55.62,7.5
2531,55.64,6.667
2532,55.66,5.0
2533,55.68,5.0
2534,55.7,7.5
2535,55.72,7.5
2536,55.74,5.833
2537,55.76,5.0
2538,55.78,6.667
2539,55.8,6.667
2540,55.82,5.0
2541,55.84,5.0
2542,55.86,5.833
2543,55.88,2.5
2544,55.9,6.667
2545,55.92,3.333
2546,55.94,5.833
2547,55.96,5.0
2548,55.98,5.0
2549,56.0,5.833
2550,56.02,5.0
2551,56.04,3.333
2552,56.06,5.0
2553,56.08,5.833
2554,56.1,4.167
2555,56.12,4.167
2556,56.14,5.0
2557,56.16,4.167
2558,56.18,5.0
2559,56.2,3.333
2560,56.22,1.667
2561,56.24,6.667
2562,56.26,3.333
2563,56.28,2.5
2564,56.3,7.5
2565,56.32,1.667
2566,56.34,6.667
2567,56.36,6.667
2568,56.38,5.833
2569,56.4,5.833
2570,56.42,4.167
2571,56.44,6.667
2572,56.46,1.667
2573,56.48,4.167
2574,56.5,5.0
2575,56.52,4.167
2576,56.54,2.5
2577,56.56,7.5
2578,56.58,5.833
2579,56.6,5.833
2580,56.62,2.5
2581,56.64,4.167
2582,56.66,8.333
2583,56.68,5.0
2584,56.7,4.167
2585,56.72,5.0
2586,56.74,5.0
2587,56.76,5.0
2588,56.78,4.167
2589,56.8,5.833
2590,56.82,5.0
2591,56.84,3.333
2592,56.86,6.667
2593,56.88,4.167
2594,56.9,7.5
2595,56.92,1.667
2596,56.94,3.333
2597,56.96,5.0
2598,56.98,1.667
2599,57.0,4.167
2600,57.02,7.5
2601,57.04,5.0
2602,57.06,8.333
2603,57.08,2.5
2604,57.1,0.833
2605,57.12,3.333
2606,57.14,2.5
2607,57.16,6.667
2608,57.18,2.5
2609,57.2,4.167
2610,57.22,4.167
2611,57.24,3.333
2612,57.26,7.5
2613,57.28,2.5
2614,57.3,4.167
2615,57.32,5.833
2616,57.34,7.5
2617,57.36,5.833
2618,57.38,0.833
2619,57.4,2.5
2620,57.42,8.333
2621,57.44,3.333
2622,57.46,4.167
2623,57.48,3.333
2624,57.5,5.0
2625,57.52,6.667
2626,57.54,6.667
2627,57.56,6.667
2628,57.58,4.167
2629,57.6,1.667
2630,57.62,2.5
2631,57.64,5.833
2632,57.66,4.167
2633,57.68,3.333
2634,57.7,5.833
2635,57.72,4.167
2636,57.74,1.667
2637,57.76,4.167
2638,57.78,5.833
2639,57.8,2.5
2640,57.82,4.167
2641,57.84,6.667
2642,57.86,5.0
2643,57.88,7.5
2644,57.9,5.0
2645,57.92,5.833
2646,57.94,4.167
2647,57.96,5.0
2648,57.98,3.333
2649,58.0,5.0
2650,58.02,8.333
2651,58.04,5.0
2652,58.06,7.5
2653,58.08,5.0
2654,58.1,5.0
2655,58.12,3.333
2656,58.14,8.333
2657,58.16,2.5
2658,58.18,7.5
2659,58.2,1.667
2660,58.22,4.167
2661,58.24,5.833
2662,58.26,3.333
2663,58.28,8.333
2664,58.3,3.333
2665,58.32,2.5
2666,58.34,2.5
2667,58.36,4.167
2668,58.38,11.66
2669,58.4,8.333
2670,58.42,1.667
2671,58.44,5.833
2672,58.46,2.5
2673,58.48,1.667
2674,58.5,4.167
2675,58.52,5.0
2676,58.54,5.0
2677,58.56,5.0
2678,58.58,8.333
2679,58.6,1.667
2680,58.62,3.333
2681,58.64,6.667
2682,58.66,3.333
2683,58.68,8.333
2684,58.7,5.0
2685,58.72,0.833
2686,58.74,5.833
2687,58.76,2.5
2688,58.78,6.667
2689,58.8,1.667
2690,58.82,3.333
2691,58.84,5.0
2692,58.86,4.167
2693,58.88,1.667
2694,58.9,7.5
2695,58.92,5.0
2696,58.94,10.0
2697,58.96,2.5
2698,58.98,5.833
2699,59.0,3.333
2700,59.02,2.5
2701,59.04,3.333
2702,59.06,5.0
2703,59.08,10.83
2704,59.1,4.167
2705,59.12,4.167
2706,59.14,2.5
2707,59.16,3.333
2708,59.18,5.0
2709,59.2,6.667
2710,59.22,5.0
2711,59.24,5.0
2712,59.26,1.667
2713,59.28,9.167
2714,59.3,3.333
2715,59.32,7.5
2716,59.34,7.5
2717,59.36,4.167
2718,59.38,3.333
2719,59.4,3.333
2720,59.42,5.833
2721,59.44,3.333
2722,59.46,5.0
2723,59.48,10.0
2724,59.5,4.167
2725,59.52,2.5
2726,59.54,2.5
2727,59.56,4.167
2728,59.58,2.5
2729,59.6,5.0
2730,59.62,5.833
2731,59.64,5.833
2732,59.66,5.833
2733,59.68,2.5
2734,59.7,7.5
2735,59.72,5.833
2736,59.74,4.167
2737,59.76,2.5
2738,59.78,5.833
2739,59.8,3.333
2740,59.82,1.667
2741,59.84,4.167
2742,59.86,4.167
2743,59.88,2.5
2744,59.9,2.5
2745,59.92,2.5
2746,59.94,2.5
2747,59.96,5.0
2748,59.98,8.333
2749,60.0,2.5
2750,60.02,1.667
2751,60.04,0.833
2752,60.06,3.333
2753,60.08,5.0
2754,60.1,4.167
2755,60.12,2.5
2756,60.14,4.167
2757,60.16,3.333
2758,60.18,4.167
2759,60.2,2.5
2760,60.22,3.333
2761,60.24,1.667
2762,60.26,7.5
2763,60.28,6.667
2764,60.3,5.833
2765,60.32,3.333
2766,60.34,3.333
2767,60.36,6.667
2768,60.38,3.333
2769,60.4,6.667
2770,60.42,2.5
2771,60.44,8.333
2772,60.46,5.0
2773,60.48,5.0
2774,60.5,5.0
2775,60.52,2.5
2776,60.54,5.0
2777,60.56,4.167
2778,60.58,6.667
2779,60.6,5.0
2780,60.62,5.833
2781,60.64,5.833
2782,60.66,3.333
2783,60.68,2.5
2784,60.7,5.833
2785,60.72,5.833
2786,60.74,4.167
2787,60.76,5.833
2788,60.78,5.833
2789,60.8,5.0
2790,60.82,3.333
2791,60.84,4.167
2792,60.86,5.0
2793,60.88,3.333
2794,60.9,4.167
2795,60.92,5.0
2796,60.94,8.333
2797,60.96,2.5
2798,60.98,2.5
2799,61.0,6.667
2800,61.02,4.167
2801,61.04,1.667
2802,61.06,2.5
2803,61.08,3.333
2804,61.1,1.667
2805,61.12,5.0
2806,61.14,3.333
2807,61.16,2.5
2808,61.18,5.0
2809,61.2,11.66
2810,61.22,4.167
2811,61.24,4.167
2812,61.26,1.667
2813,61.28,4.167
2814,61.3,3.333
2815,61.32,3.333
2816,61.34,5.0
2817,61.36,5.0
2818,61.38,8.333
2819,61.4,2.5
2820,61.42,4.167
2821,61.44,5.0
2822,61.46,3.333
2823,61.48,3.333
2824,61.5,5.0
2825,61.52,7.5
2826,61.54,4.167
2827,61.56,3.333
2828,61.58,5.0
2829,61.6,5.0
2830,61.62,3.333
2831,61.64,5.833
2832,61.66,0.833
2833,61.68,5.0
2834,61.7,3.333
2835,61.72,5.833
2836,61.74,3.333
2837,61.76,6.667
2838,61.78,5.833
2839,61.8,0.833
2840,61.82,2.5
2841,61.84,3.333
2842,61.86,1.667
2843,61.88,4.167
2844,61.9,6.667
2845,61.92,7.5
2846,61.94,2.5
2847,61.96,9.167
2848,61.98,1.667
2849,62.0,1.667
2850,62.02,2.5
2851,62.04,4.167
2852,62.06,2.5
2853,62.08,5.0
2854,62.1,8.333
2855,62.12,6.667
2856,62.14,4.167
2857,62.16,6.667
2858,62.18,4.167
2859,62.2,7.5
2860,62.22,5.0
2861,62.24,2.5
2862,62.26,1.667
2863,62.28,3.333
2864,62.3,3.333
2865,62.32,5.0
2866,62.34,3.333
2867,62.36,8.333
2868,62.38,9.167
2869,62.4,5.0
2870,62.42,6.667
2871,62.44,3.333
2872,62.46,3.333
2873,62.48,9.167
2874,62.5,2.5
2875,62.52,4.167
2876,62.54,5.0
2877,62.56,3.333
2878,62.58,6.667
2879,62.6,5.0
2880,62.62,5.833
2881,62.64,1.667
2882,62.66,4.167
2883,62.68,5.0
2884,62.7,4.167
2885,62.72,7.5
2886,62.74,2.5
2887,62.76,7.5
2888,62.78,4.167
2889,62.8,6.667
2890,62.82,3.333
2891,62.84,8.333
2892,62.86,6.667
2893,62.88,6.667
2894,62.9,5.833
2895,62.92,5.833
2896,62.94,5.0
2897,62.96,5.0
2898,62.98,5.833
2899,63.0,5.0
2900,63.02,5.0
2901,63.04,4.167
2902,63.06,7.5
2903,63.08,5.0
2904,63.1,5.0
2905,63.12,5.833
2906,63.14,2.5
2907,63.16,6.667
2908,63.18,0.0
2909,63.2,8.333
2910,63.22,5.833
2911,63.24,7.5
2912,63.26,2.5
2913,63.28,5.0
2914,63.3,3.333
2915,63.32,7.5
2916,63.34,5.833
2917,63.36,1.667
2918,63.38,4.167
2919,63.4,4.167
2920,63.42,6.667
2921,63.44,5.833
2922,63.46,4.167
2923,63.48,3.333
2924,63.5,6.667
2925,63.52,5.0
2926,63.54,8.333
2927,63.56,5.0
2928,63.58,2.5
2929,63.6,4.167
2930,63.62,3.333
2931,63.64,1.667
2932,63.66,5.833
2933,63.68,6.667
2934,63.7,6.667
2935,63.72,3.333
2936,63.74,6.667
2937,63.76,3.333
2938,63.78,3.333
2939,63.8,5.833
2940,63.82,5.0
2941,63.84,2.5
2942,63.86,5.0
2943,63.88,4.167
2944,63.9,1.667
2945,63.92,5.833
2946,63.94,4.167
2947,63.96,5.833
2948,63.98,1.667
2949,64.0,4.167
2950,64.02,7.5
2951,64.04,1.667
2952,64.06,6.667
2953,64.08,8.333
2954,64.1,5.0
2955,64.12,8.333
2956,64.14,5.833
2957,64.16,4.167
2958,64.18,5.0
2959,64.2,2.5
2960,64.22,5.833
2961,64.24,3.333
2962,64.26,5.0
2963,64.28,4.167
2964,64.3,1.667
2965,64.32,2.5
2966,64.34,2.5
2967,64.36,5.833
2968,64.38,6.667
2969,64.4,5.833
2970,64.42,5.0
2971,64.44,2.5
2972,64.46,3.333
2973,64.48,6.667
2974,64.5,6.667
2975,64.52,6.667
2976,64.54,2.5
2977,64.56,5.0
2978,64.58,5.833
2979,64.6,3.333
2980,64.62,4.167
2981,64.64,1.667
2982,64.66,4.167
2983,64.68,1.667
2984,64.7,5.833
2985,64.72,4.167
2986,64.74,5.0
2987,64.76,4.167
2988,64.78,9.167
2989,64.8,4.167
2990,64.82,5.833
2991,64.84,5.0
2992,64.86,7.5
2993,64.88,2.5
2994,64.9,4.167
2995,64.92,5.833
2996,64.94,5.0
2997,64.96,4.167
2998,64.98,5.833
2999,65.0,2.5
3000,65.02,9.167
3001,65.04,5.833
3002,65.06,3.333
3003,65.08,6.667
3004,65.1,3.333
3005,65.12,5.0
3006,65.14,4.167
3007,65.16,4.167
3008,65.18,4.167
3009,65.2,5.0
3010,65.22,5.833
3011,65.24,3.333
3012,65.26,2.5
3013,65.28,6.667
3014,65.3,5.833
3015,65.32,3.333
3016,65.34,3.333
3017,65.36,8.333
3018,65.38,5.0
3019,65.4,3.333
3020,65.42,5.0
3021,65.44,2.5
3022,65.46,4.167
3023,65.48,2.5
3024,65.5,8.333
3025,65.52,4.167
3026,65.54,4.167
3027,65.56,5.833
3028,65.58,10.83
3029,65.6,5.0
3030,65.62,6.667
3031,65.64,6.667
3032,65.66,4.167
3033,65.68,1.667
3034,65.7,5.833
3035,65.72,4.167
3036,65.74,2.5
3037,65.76,3.333
3038,65.78,3.333
3039,65.8,2.5
3040,65.82,5.833
3041,65.84,9.167
3042,65.86,5.0
3043,65.88,4.167
3044,65.9,3.333
3045,65.92,5.0
3046,65.94,3.333
3047,65.96,0.833
3048,65.98,5.833
3049,66.0,4.167
3050,66.02,1.667
3051,66.04,5.833
3052,66.06,2.5
3053,66.08,7.5
3054,66.1,5.0
3055,66.12,5.0
3056,66.14,3.333
3057,66.16,5.0
3058,66.18,2.5
3059,66.2,4.167
3060,66.22,4.167
3061,66.24,2.5
3062,66.26,5.833
3063,66.28,5.833
3064,66.3,5.833
3065,66.32,1.667
3066,66.34,2.5
3067,66.36,3.333
3068,66.38,5.833
3069,66.4,0.833
3070,66.42,6.667
3071,66.44,3.333
3072,66.46,6.667
3073,66.48,5.0
3074,66.5,7.5
3075,66.52,4.167
3076,66.54,2.5
3077,66.56,5.833
3078,66.58,5.0
3079,66.6,5.0
3080,66.62,5.0
3081,66.64,5.0
3082,66.66,5.0
3083,66.68,3.333
3084,66.7,5.0
3085,66.72,5.833
3086,66.74,6.667
3087,66.76,4.167
3088,66.78,3.333
3089,66.8,2.5
3090,66.82,4.167
3091,66.84,1.667
3092,66.86,3.333
3093,66.88,1.667
3094,66.9,5.0
3095,66.92,2.5
3096,66.94,5.0
3097,66.96,0.833
3098,66.98,4.167
3099,67.0,6.667
3100,67.02,4.167
3101,67.04,3.333
3102,67.06,6.667
3103,67.08,5.833
3104,67.1,2.5
3105,67.12,5.0
3106,67.14,5.0
3107,67.16,1.667
3108,67.18,0.0
3109,67.2,7.5
3110,67.22,3.333
3111,67.24,5.833
3112,67.26,6.667
3113,67.28,5.0
3114,67.3,2.5
3115,67.32,5.0
3116,67.34,2.5
3117,67.36,5.833
3118,67.38,2.5
3119,67.4,2.5
3120,67.42,0.833
3121,67.44,5.0
3122,67.46,2.5
3123,67.48,1.667
3124,67.5,3.333
3125,67.52,6.667
3126,67.54,5.833
3127,67.56,2.5
3128,67.58,4.167
3129,67.6,6.667
3130,67.62,5.0
3131,67.64,4.167
3132,67.66,6.667
3133,67.68,4.167
3134,67.7,3.333
3135,67.72,3.333
3136,67.74,5.833
3137,67.76,3.333
3138,67.78,5.0
3139,67.8,4.167
3140,67.82,3.333
3141,67.84,5.0
3142,67.86,3.333
3143,67.88,5.0
3144,67.9,4.167
3145,67.92,7.5
3146,67.94,2.5
3147,67.96,7.5
3148,67.98,5.0
3149,68.0,7.5
3150,68.02,5.0
3151,68.04,3.333
3152,68.06,4.167
3153,68.08,5.0
3154,68.1,3.333
3155,68.12,3.333
3156,68.14,3.333
3157,68.16,1.667
3158,68.18,1.667
3159,68.2,5.0
3160,68.22,5.0
3161,68.24,3.333
3162,68.26,5.833
3163,68.28,5.0
3164,68.3,5.0
3165,68.32,7.5
3166,68.34,4.167
3167,68.36,6.667
3168,68.38,2.5
3169,68.4,6.667
3170,68.42,2.5
3171,68.44,3.333
3172,68.46,4.167
3173,68.48,8.333
3174,68.5,3.333
3175,68.52,4.167
3176,68.54,4.167
3177,68.56,7.5
3178,68.58,4.167
3179,68.6,0.833
3180,68.62,1.667
3181,68.64,13.33
3182,68.66,4.167
3183,68.68,2.5
3184,68.7,5.0
3185,68.72,3.333
3186,68.74,5.833
3187,68.76,2.5
3188,68.78,3.333
3189,68.8,4.167
3190,68.82,5.833
3191,68.84,1.667
3192,68.86,4.167
3193,68.88,0.0
3194,68.9,5.0
3195,68.92,4.167
3196,68.94,5.0
3197,68.96,9.167
3198,68.98,4.167
3199,69.0,5.0
3200,69.02,4.167
3201,69.04,4.167
3202,69.06,8.333
3203,69.08,5.0
3204,69.1,8.333
3205,69.12,3.333
3206,69.14,6.667
3207,69.16,3.333
3208,69.18,2.5
3209,69.2,4.167
3210,69.22,6.667
3211,69.24,5.0
3212,69.26,7.5
3213,69.28,3.333
3214,69.3,7.5
3215,69.32,5.833
3216,69.34,5.0
3217,69.36,1.667
3218,69.38,2.5
3219,69.4,0.833
3220,69.42,5.0
3221,69.44,5.0
3222,69.46,4.167
3223,69.48,3.333
3224,69.5,6.667
3225,69.52,5.0
3226,69.54,1.667
3227,69.56,2.5
3228,69.58,1.667
3229,69.6,10.83
3230,69.62,3.333
3231,69.64,4.167
3232,69.66,6.667
3233,69.68,4.167
3234,69.7,4.167
3235,69.72,5.0
3236,69.74,4.167
3237,69.76,3.333
3238,69.78,9.167
3239,69.8,4.167
3240,69.82,8.333
3241,69.84,5.0
3242,69.86,4.167
3243,69.88,5.833
3244,69.9,8.333
3245,69.92,4.167
3246,69.94,4.167
3247,69.96,5.833
3248,69.98,7.5
3249,70.0,4.167
